ticker,removal_date,delisting,reason,rows,last_date,window_start,window_end,coverage,status,overrun_days
AA,2016-11-01,False,Alcoa completed the corporate spin-off off Arconic.,5462,2026-09-18,2005-01-01,2016-11-01,0.9653385163589245,ok,
AAL,2024-09-23,False,Market capitalization changes.,5277,2026-09-18,2015-03-23,2024-09-23,0.9645304312777107,ok,
AAP,2023-08-25,False,Johnson & Johnson offered to exchange the shares of Kenvue held for shares of Johnson & Johnson in a split-off exchange offer.,5462,2026-09-18,2015-07-08,2023-08-25,0.9651436646255299,ok,
ABK,2008-06-10,False,Market capitalization changes.,0,,2005-01-01,2008-06-10,0.0,no data,
ABMD,2022-12-22,True,Johnson & Johnson acquired Abiomed.,0,,2018-05-31,2022-12-22,0.0,no data,
ABS,2006-06-02,True,Albertsons was acquired by SuperValu and CVS Corp.,0,,2005-01-01,2006-06-02,0.0,no data,
ACAS,2009-03-03,False,Market capitalization changes.,0,,2005-01-01,2009-03-03,0.0,no data,
ACE,2016-01-19,True,ACE Ltd acquired Chubb and retained the CB ticker.,0,,2005-01-01,2016-01-19,0.0,no data,
ADCT,2007-07-02,False,Discover Financial Services was listed on New York Stock Exchange.,1593,2026-09-18,2005-01-01,2007-07-02,0.0,too little of the membership window,
ADS,2020-06-22,False,Market capitalization changes.,0,,2013-12-23,2020-06-22,0.0,no data,
ADT,2016-05-03,True,ADT was acquired by Apollo.,2178,2026-09-18,2012-10-01,2016-05-03,0.0,ticker reused by another company,3790.0
AET,2018-12-03,True,CVS acquired Aetna.,0,,2005-01-01,2018-12-03,0.0,no data,
AGN,2020-05-12,True,Allergan was acquired by AbbVie.,0,,2005-01-01,2020-05-12,0.0,no data,
AIV,2020-12-21,False,Aimco completed the corporate spin-off of Apartment Income REIT.,5462,2026-09-18,2005-01-01,2020-12-21,0.9651944311089774,ok,
AKS,2011-12-16,False,Market capitalization changes.,0,,2008-07-01,2011-12-16,0.0,no data,
ALK,2023-12-18,False,Market capitalization changes.,5462,2026-09-18,2016-05-13,2023-12-18,0.9651866801210898,ok,
ALTR,2015-12-29,True,Altera was acquired by Intel.,0,,2005-01-01,2015-12-29,0.0,no data,
ALXN,2021-07-21,True,AstraZeneca acquired Alexion Pharmaceuticals.,0,,2012-05-21,2021-07-21,0.0,no data,
AMG,2019-12-23,False,Market capitalization changes.,5462,2026-09-18,2014-07-01,2019-12-23,0.9657342657342657,ok,
AMTM,2024-12-23,False,Market capitalization changes.,498,2026-09-18,2024-09-30,2024-12-23,0.9836065573770492,ok,
AN,2017-08-08,False,MetLife completed the corporate spin-off of Brighthouse Financial.,5462,2026-09-18,2005-01-01,2017-08-08,0.9650136902951019,ok,
ANDV,2018-10-01,True,ANDV was acquired by Marathon Petroleum.,0,,2005-01-01,2018-10-01,0.0,no data,
ANF,2013-12-23,False,Market capitalization changes.,5462,2026-09-18,2005-01-01,2013-12-23,0.9653994019649722,ok,
ANR,2012-10-02,True,Kraft split into two companies.,0,,2011-06-01,2012-10-02,0.0,no data,
ANSS,2025-07-18,True,Synopsys acquired Ansys.,0,,2017-06-19,2025-07-18,0.0,no data,
APC,2019-08-09,True,Occidental Petroleum acquired Anadarko Petroleum.,151,2026-09-18,2005-01-01,2019-08-09,0.0,ticker reused by another company,2597.0
APOL,2013-07-01,False,Market capitalization changes.,0,,2005-01-01,2013-07-01,0.0,no data,
ARG,2016-05-23,True,Airgas was acquired by Air Liquide.,0,,2009-09-28,2016-05-23,0.0,no data,
ARNC,2020-04-01,False,Arconic separated into 2 companies - Howmet remained in the index.,0,,2016-11-01,2020-04-01,0.0,no data,
ATI,2015-07-02,False,Spin off of Columbia Pipeline.,5462,2026-09-18,2005-01-01,2015-07-02,0.9649507119386638,ok,
ATVI,2023-10-18,False,Acquisition of Activision Blizzard by Microsoft.,0,,2015-08-28,2023-10-18,0.0,no data,
AV,2007-10-26,True,Avaya was acquired.,94,2026-09-18,2005-01-01,2007-10-26,0.0,ticker reused by another company,6902.0
AVB,2026-08-18,True,Equity Residential (now Vivmark Residential) acquired AvalonBay Communities.,27,2026-08-24,2007-01-10,2026-08-18,0.004496578690127077,too little of the membership window,
AVP,2015-03-23,False,Market capitalization changes.,0,,2005-01-01,2015-03-23,0.0,no data,
AYE,2011-02-25,True,Alleghany was acquired by First Energy.,0,,2005-01-01,2011-02-25,0.0,no data,
AYI,2018-06-18,False,Market capitalization changes.,5462,2026-09-18,2016-05-03,2018-06-18,0.9657657657657658,ok,
BBBY,2017-07-26,False,Market capitalization changes.,45,2026-09-18,2005-01-01,2017-07-26,0.0,too little of the membership window,
BBWI,2024-10-01,False,Market capitalization changes.,5462,2026-09-18,2005-01-01,2024-10-01,0.9646739130434783,ok,
BC,2008-06-23,False,Market capitalization changes.,5462,2026-09-18,2005-01-01,2008-06-23,0.9646799116997793,ok,
BCR,2018-01-03,True,Becton Dickinson acquired CR Bard.,0,,2005-01-01,2018-01-03,0.0,no data,
BEAM,2014-05-01,True,Beam was acquired by Suntory.,1663,2026-09-18,2005-01-01,2014-05-01,0.0,ticker reused by another company,4523.0
BHF,2019-04-02,False,DowDuPont completed the corporate spin-off of Dow Inc.,2307,2026-09-18,2017-08-08,2019-04-02,0.962877030162413,ok,
BHI,2017-07-07,True,Baker Hughes merged with GE Oil & Gas to form a new company.,0,,2005-01-01,2017-07-07,0.0,no data,
BIG,2013-02-15,False,Market capitalization changes.,0,,2005-01-01,2013-02-15,0.0,no data,
BIO,2024-09-23,False,Market capitalization changes.,5462,2026-09-18,2020-06-22,2024-09-23,0.963996399639964,ok,
BJS,2010-04-29,True,BJ Services was acquired by Baker Hughes.,0,,2005-01-01,2010-04-29,0.0,no data,
BMC,2013-09-10,True,BMC was acquired by a consortium.,0,,2005-01-01,2013-09-10,0.0,no data,
BMS,2019-06-11,True,BMS changed to AMCR post merger with Amcor; subsequently renamed to Amcor.,0,,2005-01-01,2019-06-11,0.0,no data,
BRCM,2016-02-01,False,nan,0,,2005-01-01,2016-02-01,0.0,no data,
BTU,2014-09-20,False,Market capitalization changes.,2379,2026-09-18,2005-01-01,2014-09-20,0.0,too little of the membership window,
BWA,2025-03-24,False,Market capitalization changes.,5462,2026-09-18,2011-12-16,2025-03-24,0.963316002310803,ok,
BXLT,2016-06-03,True,SHPG acquired Baxalta.,0,,2015-07-01,2016-06-03,0.0,no data,
CA,2018-11-06,True,CA was acquired by Broadcom.,0,,2005-01-01,2018-11-06,0.0,no data,
CAG,2026-06-30,False,Market capitalization changes.,5462,2026-09-18,2005-01-01,2026-06-30,0.9641519529159979,ok,
CAM,2016-04-04,True,Schlumberger acquired Cameron.,240,2026-09-18,2005-01-01,2016-04-04,0.0,ticker reused by another company,3819.0
CBE,2012-12-03,True,Cooper was acquired by Eaton Corp. (ETN),0,,2005-01-01,2012-12-03,0.0,no data,
CCE,2016-05-31,True,Coca-Cola Enterprises merged with European bottlers.,0,,2005-01-01,2016-05-31,0.0,no data,
CDAY,2024-02-01,False,Ceridian changed its ticker symbol from CDAY to DAY.,0,,2021-09-20,2024-02-01,0.0,no data,
CE,2025-03-24,False,Market capitalization changes.,5449,2026-09-18,2018-12-24,2025-03-24,0.9625996321275291,ok,
CELG,2019-11-21,True,Bristol-Myers Squibb acquired Celgene.,0,,2005-01-01,2019-11-21,0.0,no data,
CEPH,2011-10-14,True,Cephalon was acquired by Teva Pharmaceutical Industries.,0,,2005-01-01,2011-10-14,0.0,no data,
CERN,2022-06-08,True,Oracle acquired Cerner.,0,,2010-04-29,2022-06-08,0.0,no data,
CFC,2008-07-01,False,Market capitalization changes.,0,,2005-01-01,2008-07-01,0.0,no data,
CFN,2015-03-18,True,Carefusion was acquired by Becton Dickinson.,0,,2005-01-01,2015-03-18,0.0,no data,
CHK,2018-03-19,False,Market capitalization changes.,0,,2005-01-01,2018-03-19,0.0,no data,
CLF,2014-04-02,False,Market capitalization changes.,5462,2026-09-18,2009-12-18,2014-04-02,0.9633601429848079,ok,
CMA,2024-06-24,False,Market capitalization changes.,0,,2005-01-01,2024-06-24,0.0,no data,
CMCSK,2015-12-15,False,CMCSK shares were no longer listed.,0,,2015-09-18,2015-12-15,0.0,no data,
CNX,2016-03-04,False,nan,5462,2026-09-18,2005-01-01,2016-03-04,0.9646655231560892,ok,
COL,2018-12-03,True,UTX acquired Rockwell Collins.,0,,2005-01-01,2018-12-03,0.0,no data,
COTY,2020-09-21,False,Market capitalization changes.,3337,2026-09-18,2016-09-30,2020-09-21,0.9643201542912246,ok,
COV,2015-01-27,True,Covidien was acquired by Medtronic.,0,,2005-01-01,2015-01-27,0.0,no data,
CPB,2026-06-22,False,Market capitalization changes.,5462,2026-09-18,2005-01-01,2026-06-22,0.96411355115158,ok,
CPGX,2016-07-05,True,CPGX was acquired by TRP.,0,,2015-07-02,2016-07-05,0.0,no data,
CPRI,2020-05-12,False,Market capitalization changes.,3710,2026-09-18,2005-01-01,2020-05-12,0.5275767407037684,ok,
CPWR,2011-12-31,False,Market capitalization changes.,4976,2026-09-16,2005-01-01,2011-12-31,0.7008219178082192,ok,
CSC,2015-12-01,False,CSC completed the corporate spin-off off CSRA.,0,,2005-01-01,2015-12-01,0.0,no data,
CSRA,2018-04-04,True,General Dynamics acquired CSRA.,27,2026-09-18,2015-12-01,2018-04-04,0.0,ticker reused by another company,3089.0
CTLT,2024-12-23,True,Novo Holdings A/S acquired Catalent.,0,,2020-09-21,2024-12-23,0.0,no data,
CTRA,2026-05-07,True,Devon Energy acquired Coterra Energy.,0,,2005-01-01,2026-05-07,0.0,no data,
CTX,2009-08-19,True,Centex was acquired by Pulte Homes.,0,,2005-01-01,2009-08-19,0.0,no data,
CTXS,2022-10-03,True,Vista Equity Partners acquired Citrix Systems.,0,,2005-01-01,2022-10-03,0.0,no data,
CVC,2016-06-22,True,Cablevision Systems was acquired by Altice.,0,,2010-12-17,2016-06-22,0.0,no data,
CVG,2009-12-18,False,Market capitalization changes.,0,,2005-01-01,2009-12-18,0.0,no data,
CVH,2013-05-08,True,CVH was acquired by Aetna.,0,,2005-01-01,2013-05-08,0.0,no data,
CXO,2021-01-21,True,ConocoPhillips acquired Concho Resources.,0,,2016-02-22,2021-01-21,0.0,no data,
CZR,2025-09-22,False,Market capitalization changes.,3016,2026-09-18,2021-03-22,2025-09-22,0.9625850340136054,ok,
DAY,2026-02-09,True,Thoma Bravo L.P. acquired Dayforce.,0,,2024-02-01,2026-02-09,0.0,no data,
DF,2013-05-23,False,DF was too small after spinoff of White Wave Foods.,0,,2005-01-01,2013-05-23,0.0,no data,
DFS,2025-05-19,True,Capital One acquired Discover Financial.,0,,2007-07-02,2025-05-19,0.0,no data,
DISCA,2022-04-11,True,WarnerMedia and Discovery merged to create Warner Bros. Discovery.,0,,2005-01-01,2022-04-11,0.0,no data,
DISCK,2022-04-11,True,WarnerMedia and Discovery merged to create Warner Bros. Discovery.,0,,2014-08-06,2022-04-11,0.0,no data,
DISH,2023-06-20,False,Market capitalization changes.,0,,2017-03-13,2023-06-20,0.0,no data,
DJ,2007-12-13,True,Dow Jones was acquired by News Corporation.,0,,2005-01-01,2007-12-13,0.0,no data,
DNB,2017-04-05,True,Gartner acquired CEB.,0,,2005-01-01,2017-04-05,0.0,no data,
DNR,2015-03-23,False,Market capitalization changes.,0,,2005-01-01,2015-03-23,0.0,no data,
DO,2016-09-30,True,Siris Capital Group acquired Polycom.,0,,2005-01-01,2016-09-30,0.0,no data,
DPS,2018-07-02,True,DPS was acquired by Keurig Green Mountain.,0,,2005-01-01,2018-07-02,0.0,no data,
DRE,2022-10-03,True,Prologis acquired Duke Realty.,0,,2017-07-26,2022-10-03,0.0,no data,
DTV,2015-07-29,True,DirecTV was acquired by AT&T.,0,,2005-01-01,2015-07-29,0.0,no data,
DV,2012-10-01,True,Tyco spin-off merged with Pentair.,1360,2026-09-18,2005-01-01,2012-10-01,0.0,ticker reused by another company,5100.0
DWDP,2019-06-03,False,DWDP changed to DD after spinning off Corteva.,0,,2017-09-01,2019-06-03,0.0,no data,
DXC,2023-10-03,False,Market capitalization changes.,5462,2026-09-18,2017-04-04,2023-10-03,0.964622641509434,ok,
DYN,2009-12-18,False,Market capitalization changes.,1508,2026-09-18,2005-01-01,2009-12-18,0.0,too little of the membership window,
EA,2026-08-05,True,"An investor consortium comprising Saudi Arabia's Public Investment Fund (PIF), Silver Lake, and Affinity Partners acquired Electronic Arts.",1,2026-08-04,2005-01-01,2026-08-05,0.00017752529735487306,too little of the membership window,
EK,2010-12-17,False,Market capitalization changes.,0,,2005-01-01,2010-12-17,0.0,no data,
EMC,2016-09-08,True,Dell acquired EMC.,840,2026-09-18,2005-01-01,2016-09-08,0.0,ticker reused by another company,3662.0
EMN,2025-11-04,False,Market capitalization changes.,5462,2026-09-18,2005-01-01,2025-11-04,0.9645024829869413,ok,
ENDP,2017-03-02,True,Regency Centers acquired EQY.,0,,2015-01-27,2017-03-02,0.0,no data,
ENPH,2025-09-22,False,Market capitalization changes.,3638,2026-09-18,2021-01-07,2025-09-22,0.9625407166123778,ok,
EP,2012-05-17,True,El Paso was acquired by Kinder Morgan.,5462,2026-09-18,2005-01-01,2012-05-17,0.9656964656964657,ticker reused by another company,5237.0
EPAM,2026-06-02,False,Market capitalization changes.,3674,2026-09-18,2021-12-14,2026-06-02,0.9605488850771869,ok,
ESRX,2018-12-24,True,Cigna acquired Express Scripts.,0,,2005-01-01,2018-12-24,0.0,no data,
ESV,2016-03-30,True,Centene acquired Health Net.,0,,2012-07-31,2016-03-30,0.0,no data,
ETFC,2020-10-07,True,Morgan Stanley acquired E*Trade.,0,,2005-01-01,2020-10-07,0.0,no data,
ETSY,2024-09-23,False,Market capitalization changes.,2874,2026-09-18,2020-09-21,2024-09-23,0.9636711281070746,ok,
EVHC,2018-10-11,True,EVHC was acquired by KKR.,0,,2016-12-02,2018-10-11,0.0,no data,
FBHS,2022-12-19,False,Market capitalization changes.,0,,2016-06-22,2022-12-19,0.0,no data,
FDC,2007-09-26,True,FDC was acquired by KKR.,0,,2005-01-01,2007-09-26,0.0,no data,
FDO,2015-07-08,True,Family Dollar was acquired.,0,,2005-01-01,2015-07-08,0.0,no data,
FHN,2013-06-21,False,Pfizer completed the corporate spin-off of Zoetis.,5462,2026-09-18,2005-01-01,2013-06-21,0.9647058823529412,ok,
FII,2013-01-02,False,Abbott Labs completed the corporate spin-off of AbbVie.,0,,2005-01-01,2013-01-02,0.0,no data,
FL,2019-08-09,False,Market capitalization changes.,0,,2016-04-04,2019-08-09,0.0,no data,
FLIR,2021-05-14,True,Teledyne Technologies acquired FLIR Systems.,0,,2005-01-01,2021-05-14,0.0,no data,
FLR,2019-06-03,False,DowDuPont completed the corporate spin-off of Corteva.,5462,2026-09-18,2005-01-01,2019-06-03,0.9646370646104759,ok,
FLS,2021-03-22,False,Market capitalization changes.,5462,2026-09-18,2005-01-01,2021-03-22,0.964783739068778,ok,
FLT,2024-03-25,False,FLEETCOR Technologies changed its name to Corpay.,0,,2018-06-20,2024-03-25,0.0,no data,
FMC,2025-03-24,False,Market capitalization changes.,5462,2026-09-18,2009-08-19,2025-03-24,0.9641189481445073,ok,
FNM,2008-09-12,False,Market capitalization changes.,0,,2005-01-01,2008-09-12,0.0,no data,
FOSL,2016-01-05,True,Willis Holdings merged with Towers Watson and was renamed Willis Towers Watson.,5462,2026-09-18,2012-04-03,2016-01-05,0.963302752293578,ticker reused by another company,3909.0
FRC,2023-05-04,False,The Federal Deposit Insurance Corporation (FDIC) placed First Republic Bank into receivership.,0,,2019-01-02,2023-05-04,0.0,no data,
FRE,2008-09-12,False,Market capitalization changes.,0,,2005-01-01,2008-09-12,0.0,no data,
FRX,2014-07-01,True,Actavis acquired Forest Laboratories.,0,,2005-01-01,2014-07-01,0.0,no data,
FTI,2021-02-12,False,Corporate spin-off of Technip Energies.,5462,2026-09-18,2009-06-05,2021-02-12,0.9649295313012127,ok,
FTR,2017-03-20,False,Market capitalization changes.,0,,2005-01-01,2017-03-20,0.0,no data,
GAS,2016-07-01,True,AGL Resources was acquired by Southern Company.,0,,2005-01-01,2016-07-01,0.0,no data,
GENZ,2011-04-01,True,Genzyme was acquired by Sanofi Aventis.,4693,2026-09-18,2005-01-01,2011-04-01,0.4938650306748466,ticker reused by another company,5649.0
GGP,2018-08-28,True,GGP was acquired by Brookfield Property Partners.,0,,2013-12-10,2018-08-28,0.0,no data,
GHC,2014-09-20,False,Market capitalization changes.,5462,2026-09-18,2005-01-01,2014-09-20,0.9648915187376725,ok,
GLK,2005-07-01,True,Great Lakes Chemical was acquired by Crompton Corp.,0,,2005-01-01,2005-07-01,0.0,no data,
GMCR,2016-03-07,True,JAB Holding Company acquired Keurig Green Mountain.,0,,2014-03-21,2016-03-07,0.0,no data,
GME,2016-04-25,True,Global Payments acquired Heartland Payment Systems.,5462,2026-09-18,2007-12-13,2016-04-25,0.9642693540998626,ticker reused by another company,3798.0
GNW,2015-11-18,False,GE completed the corporate spin-off of Synchrony Financial.,5462,2026-09-18,2005-01-01,2015-11-18,0.9654686398872445,ok,
GPS,2022-02-03,False,Market capitalization changes.,0,,2005-01-01,2022-02-03,0.0,no data,
GR,2012-07-31,True,Goodrich was acquired by United Technologies.,3194,2018-02-22,2005-01-01,2012-07-31,0.9453717754172989,ticker reused by another company,2032.0
GT,2019-02-27,True,Wabtec acquired GE transportation business,5462,2026-09-18,2005-01-01,2019-02-27,0.9645274844300027,ticker reused by another company,2760.0
HAR,2017-03-16,True,Samsung Electronics acquired Harman International Industries.,0,,2005-01-01,2017-03-16,0.0,no data,
HBI,2021-12-20,False,Market capitalization changes.,0,,2015-03-23,2021-12-20,0.0,no data,
HCBK,2015-11-02,False,HPQ completed the corporate spin-off of Hewlett Packard Enterprise.,0,,2005-01-01,2015-11-02,0.0,no data,
HES,2025-07-23,True,Chevron acquired Hess.,0,,2005-01-01,2025-07-23,0.0,no data,
HFC,2021-06-04,False,Market capitalization changes.,0,,2018-06-18,2021-06-04,0.0,no data,
HNZ,2013-06-06,True,HNZ was acquired by a consortium.,0,,2005-01-01,2013-06-06,0.0,no data,
HOG,2020-06-22,False,Market capitalization changes.,5462,2026-09-18,2005-01-01,2020-06-22,0.964816650148662,ok,
HOLX,2026-04-09,True,Blackstone Inc. and TPG Inc. acquired Hologic.,0,,2016-03-30,2026-04-09,0.0,no data,
HOT,2016-09-22,True,MAR acquired Starwood Hotels,0,,2005-01-01,2016-09-22,0.0,no data,
HP,2020-05-22,False,Market capitalization changes.,5462,2026-09-18,2010-02-26,2020-05-22,0.9651815799326096,ok,
HRB,2020-09-21,False,Market capitalization changes.,5462,2026-09-18,2005-01-01,2020-09-21,0.9648866130212144,ok,
HSP,2015-09-02,True,Hospira was acquired.,0,,2005-01-01,2015-09-02,0.0,no data,
IGT,2014-06-20,False,Market capitalization changes.,0,,2005-01-01,2014-06-20,0.0,no data,
ILMN,2024-06-24,False,Market capitalization changes.,5462,2026-09-18,2015-11-19,2024-06-24,0.9634418189924209,ok,
INFO,2022-03-02,True,S&P Global acquired IHS Markit.,486,2026-09-18,2017-06-02,2022-03-02,0.0,ticker reused by another company,1661.0
IPG,2025-11-28,True,Omnicom Group acquired (The) Interpublic Group.,0,,2005-01-01,2025-11-28,0.0,no data,
IPGP,2022-06-21,False,Market capitalization changes.,4971,2026-09-18,2018-03-07,2022-06-21,0.9651785714285714,ok,
ITT |,2011-10-31,False,ITT Corp. completed the corporate spin-off of Xylem.,0,,2005-01-01,2011-10-31,0.0,no data,
JCP |,2013-12-02,False,Ingersoll Rand completed the corporate spin-off of Allegion.,0,,2005-01-01,2013-12-02,0.0,no data,
JDSU,2013-12-23,False,Market capitalization changes.,0,,2005-01-01,2013-12-23,0.0,no data,
JEF,2019-09-26,False,SPB completed the corporate spin-off of Jefferies Financial Group.,5462,2026-09-18,2005-01-01,2019-09-26,0.9648803329864725,ok,
JNPR,2025-07-09,True,Hewlett Packard Enterprise acquired Juniper Networks.,0,,2006-06-02,2025-07-09,0.0,no data,
JNS,2011-11-18,False,Market capitalization changes.,0,,2005-01-01,2011-11-18,0.0,no data,
JNY,2009-03-03,False,Market capitalization changes.,0,,2005-01-01,2009-03-03,0.0,no data,
JOY,2015-10-07,False,Market capitalization changes.,0,,2005-01-01,2015-10-07,0.0,no data,
JWN,2020-06-22,False,Market capitalization changes.,0,,2005-01-01,2020-06-22,0.0,no data,
K,2025-12-11,True,Mars Inc. acquired Kellanova.,0,,2005-01-01,2025-12-11,0.0,no data,
KBH,2009-12-18,False,Market capitalization changes.,5462,2026-09-18,2005-01-01,2009-12-18,0.9660231660231661,ok,
KFT,2012-10-02,False,Old Kraft Foods was renamed Mondelez.,0,,2007-03-30,2012-10-02,0.0,no data,
KG,2010-12-17,True,King was acquired by Pfizer.,4622,2026-09-18,2005-01-01,2010-12-17,0.4257234726688103,ticker reused by another company,5754.0
KMX,2025-10-31,False,Market capitalization changes.,5462,2026-09-18,2010-06-28,2025-10-31,0.964294631710362,ok,
KRFT,2015-07-06,True,Kraft merged with Heinz.,0,,2012-10-02,2015-07-06,0.0,no data,
KSE,2007-08-24,True,KeySpan was acquired by National Grid plc.,0,,2005-01-01,2007-08-24,0.0,no data,
KSS,2020-09-21,False,Market capitalization changes.,5462,2026-09-18,2005-01-01,2020-09-21,0.9648866130212144,ok,
KSU,2021-12-14,True,Canadian Pacific acquired Kansas City Southern.,0,,2013-05-23,2021-12-14,0.0,no data,
LEG,2021-12-20,False,Market capitalization changes.,5,2026-08-27,2005-01-01,2021-12-20,0.0,too little of the membership window,
LEH,2008-09-16,True,Lehman Brothers filed for bankruptcy.,0,,2005-01-01,2008-09-16,0.0,no data,
LIFE,2014-01-24,True,Life Technologies was acquired by Thermo Fisher Scientific.,161,2026-09-18,2005-01-01,2014-01-24,0.0,ticker reused by another company,4620.0
LKQ,2025-12-22,False,Market capitalization changes.,5462,2026-09-18,2016-05-23,2025-12-22,0.9640143942423031,ok,
LLL,2019-07-01,True,L3 was acquired by Harris Corporation.,0,,2005-01-01,2019-07-01,0.0,no data,
LLTC,2017-03-13,True,Analog Devices acquired Linear Technology.,0,,2005-01-01,2017-03-13,0.0,no data,
LM,2016-12-02,False,Market capitalization changes.,0,,2005-01-01,2016-12-02,0.0,no data,
LNC,2023-09-18,False,Market capitalization changes.,5462,2026-09-18,2005-01-01,2023-09-18,0.9647613194017619,ok,
LO,2015-06-11,True,Lorillard was acquired.,0,,2008-06-10,2015-06-11,0.0,no data,
LSI,2014-05-08,True,Avago acquired LSI.,0,,2005-01-01,2014-05-08,0.0,no data,
LUMN,2023-03-20,False,Market capitalization changes.,5462,2026-09-18,2005-01-01,2023-03-20,0.9648495053672911,ok,
LVLT,2017-10-13,True,CenturyLink acquired Level 3 Communications.,0,,2014-11-05,2017-10-13,0.0,no data,
LW,2026-03-23,False,Market capitalization changes.,2476,2026-09-18,2018-12-03,2026-03-23,0.9622245540398741,ok,
LXK,2012-10-01,False,Tyco completed the corporate spin-off of ADT.,0,,2005-01-01,2012-10-01,0.0,no data,
M,2020-04-06,False,Market capitalization changes.,5462,2026-09-18,2005-01-01,2020-04-06,0.964832956543582,ok,
MAC,2019-12-23,False,Market capitalization changes.,5462,2026-09-18,2013-05-08,2019-12-23,0.9658762290341237,ok,
MAT,2019-06-07,True,Merger of Bemis and Amcor; Bemis was the surviving entity.,5462,2026-09-18,2005-01-01,2019-06-07,0.9646746347941567,ticker reused by another company,2660.0
MBC,2022-12-19,False,Market capitalization changes.,946,2026-09-18,2022-12-15,2022-12-19,1.0,ok,
MBI,2009-12-18,False,Market capitalization changes.,5462,2026-09-18,2005-01-01,2009-12-18,0.9660231660231661,ok,
MDP,2011-01-03,False,Motorola completed the corporate spin-off of Motorola Mobility.,0,,2005-01-01,2011-01-03,0.0,no data,
MEE,2011-06-01,True,Alpha Natural Resources acquired Massey Energy.,0,,2008-06-23,2011-06-01,0.0,no data,
MFE,2011-02-28,True,McAfee was acquired by Intel.,0,,2005-01-01,2011-02-28,0.0,no data,
MHK,2025-12-22,False,Market capitalization changes.,5462,2026-09-18,2013-12-23,2025-12-22,0.963909294155222,ok,
MHS,2012-04-03,True,Medco was acquired by Express Scripts.,0,,2005-01-01,2012-04-03,0.0,no data,
MI,2011-07-05,True,Marshall & Ilsley was acquired by Bank of Montreal.,2718,2026-09-18,2005-01-01,2011-07-05,0.0,ticker reused by another company,5554.0
MIL,2010-07-14,True,Millipore was acquired by Merck KGaA.,0,,2005-01-01,2010-07-14,0.0,no data,
MJN,2017-06-19,True,Reckitt Benckiser acquired Mead Johnson Nutrition.,0,,2009-12-18,2017-06-19,0.0,no data,
MKTX,2025-09-22,False,Market capitalization changes.,5462,2026-09-18,2019-07-01,2025-09-22,0.9630996309963099,ok,
MMI,2012-05-21,True,Motorola Mobility was acquired by Google.,3239,2026-09-18,2011-01-03,2012-05-21,0.0,ticker reused by another company,5233.0
MNK,2017-07-26,False,Market capitalization changes.,0,,2014-08-18,2017-07-26,0.0,no data,
MOH,2026-03-23,False,Market capitalization changes.,5462,2026-09-18,2022-03-02,2026-03-23,0.9612842304060434,ok,
MOLX,2013-12-10,True,MOLX was acquired by Koch Industries.,0,,2005-01-01,2013-12-10,0.0,no data,
MON,2018-06-07,True,Bayer acquired Monsanto.,0,,2005-01-01,2018-06-07,0.0,no data,
MRO,2024-11-26,True,ConocoPhillips acquired Marathon Oil.,0,,2005-01-01,2024-11-26,0.0,no data,
MTCH,2026-03-23,False,Market capitalization changes.,5462,2026-09-18,2021-09-20,2026-03-23,0.9617346938775511,ok,
MUR,2017-07-26,False,Market capitalization changes.,5462,2026-09-18,2005-01-01,2017-07-26,0.9649176327028676,ok,
MWW,2011-12-16,False,Market capitalization changes.,0,,2005-01-01,2011-12-16,0.0,no data,
MXIM,2021-08-30,True,Analog Devices acquired Maxim Integrated Products.,0,,2005-01-01,2021-08-30,0.0,no data,
NAVI,2018-06-05,True,Westar Energy acquired Great Plains Energy and changed name to Evergy.,3124,2026-09-18,2014-05-01,2018-06-05,0.9653882132834425,ticker reused by another company,3027.0
NBL,2020-10-12,True,Chevron acquired Noble Energy.,0,,2005-01-01,2020-10-12,0.0,no data,
NBR,2015-03-23,False,Market capitalization changes.,5462,2026-09-18,2005-01-01,2015-03-23,0.9647411852963241,ok,
NCR,2007-10-01,False,NCR Corporation completed the corporate spin-off of Teradata.,0,,2005-01-01,2007-10-01,0.0,no data,
NE,2015-07-20,False,eBay completed the corporate spin-off of PayPal.,1326,2026-09-18,2005-01-01,2015-07-20,0.0,too little of the membership window,
NFX,2019-02-15,True,Encana acquired Newfield Exploration.,53,2026-09-18,2010-12-17,2019-02-15,0.0,ticker reused by another company,2772.0
NKTR,2019-10-03,False,Market capitalization changes.,5462,2026-09-18,2018-03-19,2019-10-03,0.9653465346534653,ok,
NLSN,2022-10-12,True,Elliott Investment Management acquired Nielsen Holdings.,0,,2013-07-08,2022-10-12,0.0,no data,
NOV,2021-09-20,False,Market capitalization changes.,5462,2026-09-18,2005-01-01,2021-09-20,0.9649163036000917,ok,
NOVL,2011-04-27,True,Novell was acquired by private equity firms.,0,,2005-01-01,2011-04-27,0.0,no data,
NSM,2011-09-23,True,National Semi was acquired by Texas Instruments.,0,,2005-01-01,2011-09-23,0.0,no data,
NVLS,2012-06-05,True,Novellus Systems was acquired by Lam Research.,0,,2005-01-01,2012-06-05,0.0,no data,
NWL,2023-09-18,False,Market capitalization changes.,5462,2026-09-18,2005-01-01,2023-09-18,0.9647613194017619,ok,
NYT,2010-12-17,False,Market capitalization changes.,5462,2026-09-18,2005-01-01,2010-12-17,0.9659163987138264,ok,
NYX,2013-11-13,True,ICE Exchange acquired NYSE Euronext.,0,,2005-01-01,2013-11-13,0.0,no data,
ODP,2010-12-17,False,Market capitalization changes.,0,,2005-01-01,2010-12-17,0.0,no data,
OGN,2023-10-18,False,Market capitalization changes.,1343,2026-09-18,2021-06-03,2023-10-18,0.9661290322580646,ok,
OI,2016-12-02,False,Market capitalization changes.,5462,2026-09-18,2008-12-31,2016-12-02,0.965183752417795,ok,
OMX,2008-06-23,False,Market capitalization changes.,0,,2005-01-01,2008-06-23,0.0,no data,
PAYC,2026-03-23,False,Market capitalization changes.,3126,2026-09-18,2020-01-28,2026-03-23,0.9632398753894081,ok,
PBCT,2022-04-04,True,M&T Bank acquired People's United Financial.,0,,2005-01-01,2022-04-04,0.0,no data,
PBI,2017-03-01,True,CBOE acquired BATS.,5462,2026-09-18,2005-01-01,2017-03-01,0.9647021745981721,ticker reused by another company,3488.0
PCL,2016-02-22,True,Weyerhaeuser acquired Plum Creek Timber.,283,2026-09-18,2005-01-01,2016-02-22,0.0,ticker reused by another company,3861.0
PCP,2016-02-01,False,nan,0,,2005-01-01,2016-02-01,0.0,no data,
PCS,2013-04-30,True,A majority of MetroPCS was acquired by T-Mobile.,285,2026-09-18,2009-06-29,2013-04-30,0.0,ticker reused by another company,4889.0
PDCO,2018-03-19,False,Market capitalization changes.,0,,2005-01-01,2018-03-19,0.0,no data,
PENN,2022-09-19,False,Market capitalization changes.,5462,2026-09-18,2021-03-22,2022-09-19,0.9667519181585678,ok,
PETM,2015-03-12,True,PetSmart was acquired by private equity consortium.,0,,2012-10-10,2015-03-12,0.0,no data,
PGN,2012-07-02,True,Progress Energy was acquired by Duke Energy.,0,,2005-01-01,2012-07-02,0.0,no data,
PLL,2015-08-28,True,Pall was acquired.,0,,2005-01-01,2015-08-28,0.0,no data,
POM,2016-03-30,True,Exelon acquired Pepco.,238,2026-09-18,2005-01-01,2016-03-30,0.0,ticker reused by another company,3824.0
POOL,2026-06-22,False,Market capitalization changes.,5462,2026-09-18,2020-10-07,2026-06-22,0.9617192746809939,ok,
PRGO,2021-09-20,False,Market capitalization changes.,5462,2026-09-18,2011-12-16,2021-09-20,0.9638790734197095,ok,
PTV,2010-11-17,True,Reynolds Group Holdings acquired Pactiv.,0,,2005-01-01,2010-11-17,0.0,no data,
PVH,2022-09-19,False,Market capitalization changes.,5462,2026-09-18,2013-02-15,2022-09-19,0.9652278177458034,ok,
PXD,2024-05-08,True,ExxonMobil acquired Pioneer Natural Resources.,0,,2005-01-01,2024-05-08,0.0,no data,
QEP,2015-07-01,False,Baxter completed the corporate spin-off of Baxalta.,0,,2010-06-30,2015-07-01,0.0,no data,
QRVO,2024-12-23,False,Market capitalization changes.,2945,2026-09-18,2015-06-11,2024-12-23,0.965032154340836,ok,
R,2017-06-19,False,Market capitalization changes.,5462,2026-09-18,2005-01-01,2017-06-19,0.9649338665026146,ok,
RAI,2017-07-26,True,British American Tobacco (NYSE MKT:BTI) acquired Reynolds American.,0,,2005-01-01,2017-07-26,0.0,no data,
RDC,2014-08-18,False,Market capitalization changes.,0,,2005-01-01,2014-08-18,0.0,no data,
RHI,2024-06-24,False,Market capitalization changes.,5462,2026-09-18,2005-01-01,2024-06-24,0.9645739027750443,ok,
RHT,2019-07-15,True,IBM acquired Red Hat.,0,,2005-01-01,2019-07-15,0.0,no data,
RIG,2017-07-26,False,Market capitalization changes.,5462,2026-09-18,2013-10-29,2017-07-26,0.9641760491299898,ok,
RRC,2018-06-18,False,Market capitalization changes.,5462,2026-09-18,2007-12-20,2018-06-18,0.964572680788897,ok,
RRD,2012-12-11,False,Market capitalization changes.,0,,2005-01-01,2012-12-11,0.0,no data,
RSH,2011-06-30,False,Market capitalization changes.,0,,2005-01-01,2011-06-30,0.0,no data,
RTN,2020-04-06,True,United Technologies corporate spin-off of Otis and Carrier and acquired Raytheon Company.,0,,2005-01-01,2020-04-06,0.0,no data,
RX,2010-02-26,True,IMS was acquired by affiliates of TPG Capital,0,,2005-01-01,2010-02-26,0.0,no data,
S,2013-07-08,True,Softbank consortium purchase resulted in public float below 50%.,1311,2026-09-18,2005-01-01,2013-07-08,0.0,ticker reused by another company,4820.0
SAI,2013-09-20,False,Market capitalization changes.,0,,2009-12-18,2013-09-20,0.0,no data,
SBL,2007-01-10,True,Symbol Technologies was acquired by Motorola.,0,,2005-01-01,2007-01-10,0.0,no data,
SBNY,2023-03-15,False,The FDIC placed Signature Bank into FDIC Receivership.,525,2026-09-18,2021-12-20,2023-03-15,0.0,too little of the membership window,
SCG,2019-01-02,True,Dominion Energy acquired SCANA.,0,,2005-01-01,2019-01-02,0.0,no data,
SE,2017-02-28,True,SE was acquired by ENB,2239,2026-09-18,2005-01-01,2017-02-28,0.0,ticker reused by another company,3489.0
SEDG,2023-12-18,False,Market capitalization changes.,2888,2026-09-18,2021-12-20,2023-12-18,0.963531669865643,ok,
SEE,2023-12-18,False,Market capitalization changes.,0,,2005-01-01,2023-12-18,0.0,no data,
SGP,2009-11-03,True,Schering-Plough was acquired by Merck & Co.,155,2026-09-18,2005-01-01,2009-11-03,0.0,ticker reused by another company,6163.0
SHLD,2012-09-05,False,SHLD below public float threshold.,756,2026-09-18,2005-01-01,2012-09-05,0.0,too little of the membership window,
SIAL,2015-11-19,True,Sigma-Aldrich was acquired by Merck KGaA.,0,,2005-01-01,2015-11-19,0.0,no data,
SIG,2018-03-19,False,Market capitalization changes.,5462,2026-09-18,2015-07-29,2018-03-19,0.965166908563135,ok,
SII,2010-08-26,True,Smith was acquired by Schlumberger.,4170,2026-09-18,2005-01-01,2010-08-26,0.08887381275440977,ticker reused by another company,5867.0
SIVB,2023-03-15,False,"The FDIC placed SVB's main subsidiary, Silicon Valley Bank, into receivership.",0,,2018-03-19,2023-03-15,0.0,no data,
SLE,2012-06-29,False,Split up of Sara Lee.,1902,2026-09-18,2005-01-01,2012-06-29,0.0,too little of the membership window,
SLG,2021-03-22,False,Market capitalization changes.,5462,2026-09-18,2015-03-23,2021-03-22,0.9648786717752235,ok,
SLM,2014-05-01,False,SLM completed the corporate spin-off of Navient.,5462,2026-09-18,2005-01-01,2014-05-01,0.9646672144617913,ok,
SLR,2007-10-02,True,Solectron was acquired by Flextronics.,0,,2005-01-01,2007-10-02,0.0,no data,
SNI,2018-03-07,True,Discovery Communications acquired Scripps Networks Interactive.,0,,2005-01-01,2018-03-07,0.0,no data,
SOLS,2025-12-22,False,Market capitalization changes.,230,2026-09-18,2025-10-30,2025-12-22,0.9736842105263158,ok,
SPLS,2017-09-18,True,Sycamore Partners acquired Staples.,169,2026-09-18,2005-01-01,2017-09-18,0.0,ticker reused by another company,3287.0
SRCL,2018-12-03,False,Market capitalization changes.,0,,2005-01-01,2018-12-03,0.0,no data,
STI,2019-12-09,True,BB&T acquired SunTrust to form Truist Financial.,1100,2026-09-18,2005-01-01,2019-12-09,0.0,ticker reused by another company,2475.0
STJ,2017-01-05,True,Abbott Laboratories acquired St. Jude Medical.,0,,2005-01-01,2017-01-05,0.0,no data,
STR,2010-06-30,False,"Company split. QEP retained, but ticker changed.",0,,2005-01-01,2010-06-30,0.0,no data,
SUN,2012-10-10,True,Sunoco was acquired by Energy Transfer Partners (ETP),3518,2026-09-18,2005-01-01,2012-10-10,0.0073964497041420114,ticker reused by another company,5091.0
SVU,2012-04-23,False,ConocoPhillips completed the corporate spin-off of Phillips 66.,0,,2005-01-01,2012-04-23,0.0,no data,
SWN,2017-04-04,True,"HPE completed the corporate spin-off of Everett, merged with CSC to form DXC Technology.",0,,2005-01-01,2017-04-04,0.0,no data,
SWY,2015-01-27,True,Safeway was acquired by a private equity consortium.,0,,2005-01-01,2015-01-27,0.0,no data,
TDC,2017-06-19,False,Market capitalization changes.,4772,2026-09-18,2007-10-01,2017-06-19,0.9649053627760252,ok,
TE,2016-07-01,True,TECO Energy was acquired by EMA.,1681,2026-09-18,2005-01-01,2016-07-01,0.0,ticker reused by another company,3731.0
TEG,2015-07-01,True,Integrys was acquired.,0,,2005-01-01,2015-07-01,0.0,no data,
TFX,2025-03-24,False,Market capitalization changes.,5462,2026-09-18,2019-01-18,2025-03-24,0.9633995037220844,ok,
TGNA,2017-06-02,False,TGNA completed the corporate spin-off of Cars.com.,0,,2005-01-01,2017-06-02,0.0,no data,
THC,2016-04-18,False,nan,5462,2026-09-18,2005-01-01,2016-04-18,0.9646978954514596,ok,
TIE,2012-12-21,True,TIE was acquired by Precision Cast Parts.,0,,2005-01-01,2012-12-21,0.0,no data,
TIF,2021-01-07,True,LVMH Moet Hennessy-Louis Vuitton SE acquired Tiffany & Co.,0,,2005-01-01,2021-01-07,0.0,no data,
TLAB,2011-12-20,False,Expedia completed the corporate spin-off of TripAdvisor.,0,,2005-01-01,2011-12-20,0.0,no data,
TRB,2007-12-20,True,Tribune was acquired.,0,,2005-01-01,2007-12-20,0.0,no data,
TRIP,2019-12-23,False,Market capitalization changes.,3716,2026-09-18,2011-12-20,2019-12-23,0.9641148325358851,ok,
TSG,2007-03-30,True,Sabre was acquired.,0,,2005-01-01,2007-03-30,0.0,no data,
TSS,2019-09-23,True,Global Payments acquired TSS.,0,,2005-01-01,2019-09-23,0.0,no data,
TWC,2016-05-18,True,Time Warner Cable was acquired by Charter.,0,,2005-01-01,2016-05-18,0.0,no data,
TWTR,2022-11-01,True,Elon Musk acquired Twitter.,0,,2018-06-07,2022-11-01,0.0,no data,
TWX,2018-06-20,True,AT&T acquired Time Warner.,0,,2005-01-01,2018-06-20,0.0,no data,
TYC,2016-09-06,True,TYC acquired JCI and retained JCI ticker.,0,,2010-08-26,2016-09-06,0.0,no data,
UA,2022-06-21,False,Market capitalization changes.,2638,2026-09-18,2016-04-08,2022-06-21,0.965389369592089,ok,
UAA,2022-06-21,False,Market capitalization changes.,5239,2026-09-18,2005-01-01,2022-06-21,0.9159534781654597,ok,
UNM,2021-09-20,False,Market capitalization changes.,5462,2026-09-18,2005-01-01,2021-09-20,0.9649163036000917,ok,
URBN,2017-03-20,False,Market capitalization changes.,5462,2026-09-18,2005-01-01,2017-03-20,0.9648462021343377,ok,
VAR,2021-04-20,True,Siemens Healthineers acquired Varian Medical Systems.,0,,2005-01-01,2021-04-20,0.0,no data,
VFC,2024-04-03,False,Market capitalization changes.,5462,2026-09-18,2005-01-01,2024-04-03,0.9645630101532948,ok,
VIAB,2019-12-05,True,CBS acquired Viacom to form ViacomCBS.,0,,2005-01-01,2019-12-05,0.0,no data,
VNO,2023-01-05,False,Market capitalization changes.,5462,2026-09-18,2005-01-01,2023-01-05,0.9648861459885082,ok,
VNT,2021-03-22,False,Market capitalization changes.,1503,2026-09-18,2020-10-09,2021-03-22,0.9572649572649573,ok,
WB,2008-12-31,True,Wachovia Bank was acquired by Wells Fargo.,3124,2026-09-18,2005-01-01,2008-12-31,0.0,ticker reused by another company,6470.0
WBA,2025-08-28,True,Sycamore Partners acquired Walgreen Boots Alliance.,0,,2005-01-01,2025-08-28,0.0,no data,
WCG,2020-01-28,True,Centene acquired Wellcare.,0,,2018-09-14,2020-01-28,0.0,no data,
WFM,2017-08-29,True,Amazon acquired Whole Foods Market.,0,,2005-01-01,2017-08-29,0.0,no data,
WFR,2011-12-16,False,Market capitalization changes.,0,,2005-01-01,2011-12-16,0.0,no data,
WHR,2024-03-18,False,Market capitalization changes.,5462,2026-09-18,2005-01-01,2024-03-18,0.9646777090401117,ok,
WIN,2015-04-07,False,Market capitalization changes.,0,,2005-01-01,2015-04-07,0.0,no data,
WLTW,2022-01-10,False,Willis Towers Watson changed its ticker symbol from WLTW to WTW.,0,,2016-01-05,2022-01-10,0.0,no data,
WPX,2014-03-21,False,Market capitalization changes.,0,,2011-12-31,2014-03-21,0.0,no data,
WU,2021-12-20,False,Market capitalization changes.,5022,2026-09-18,2005-01-01,2021-12-20,0.8657930411206507,ok,
WYN,2018-05-31,False,Wyndham Worldwide completed the corporate spin-off of Wyndham Hotels & Resorts.,0,,2005-01-01,2018-05-31,0.0,no data,
X,2014-07-02,False,Market capitalization changes.,0,,2005-01-01,2014-07-02,0.0,no data,
XEC,2020-03-02,True,"Gardner Denver acquired Ingersoll Rand's industrial businesses then changed its name to the ""new"" Ingersoll Rand Inc.",0,,2014-06-20,2020-03-02,0.0,no data,
XL,2018-09-14,True,XL was acquired by Axa.,0,,2005-01-01,2018-09-14,0.0,no data,
XLNX,2022-02-15,True,Advanced Micro Devices acquired Xilinx.,0,,2005-01-01,2022-02-15,0.0,no data,
XRAY,2024-04-03,False,Market capitalization changes.,5462,2026-09-18,2005-01-01,2024-04-03,0.9645630101532948,ok,
XRX,2021-03-22,False,Market capitalization changes.,5462,2026-09-18,2005-01-01,2021-03-22,0.964783739068778,ok,
XTO,2010-06-28,True,XTO was acquired by ExxonMobil.,0,,2005-01-01,2010-06-28,0.0,no data,
YHOO,2017-06-19,True,Verizon acquired Yahoo operations; remainder of Yahoo became Altaba.,0,,2005-01-01,2017-06-19,0.0,no data,
ZION,2024-03-18,False,Market capitalization changes.,5462,2026-09-18,2005-01-01,2024-03-18,0.9646777090401117,ok,
